Racer ID,Name,Car Name,Company Name,Racer Age
1001,John Smith,Speedster 2000,Velocity Motors,28
1002,Sarah Johnson,Turbo Charger,Swift Racing,35
1003,Michael Brown,Thunderbolt X,Thunder Motors,32
1004,Emily Davis,Lightning Strike,Flash Racing,29
1005,Robert Wilson,Nitro Beast,Nitro Performance,27
1006,Jessica Lee,Firehawk GT,Blaze Motors,30
1007,William Moore,Falcon GT,Falcon Racing,33
1008,Olivia White,Cyclone X,Cyclone Racing,31
1009,James Anderson,Viper GT,Viper Racing,34
1010,Sophia Clark,Phantom Z,Phantom Racing,26
1011,David Martinez,Storm Racer,Storm Motors,29
1012,Linda Adams,Tornado X,Tornado Racing,36
1013,Christopher Hall,Blitzkrieg,Blitz Racing,32
1014,Ava Walker,Scorpion GT,Scorpion Racing,28
1015,Matthew Turner,Inferno Racer,Inferno Motors,25
1016,Emma Scott,Thrasher V8,Thrasher Racing,30
1017,Josephine Rodriguez,Blackhawk X,Blackhawk Racing,33
1018,Liam Baker,Whirlwind GT,Whirlwind Racing,31
1019,Grace Harris,Phoenix Z,Phoenix Racing,27
1020,Noah King,Phantom Fury,Phantom Racing,29
1021,Chloe Morris,Blaze Fireball,Blaze Motors,26
1022,Samuel Reed,Nitro Thunderbolt,Nitro Performance,34
1023,Ella Green,Firehawk XL,Blaze Motors,32
1024,Daniel Cooper,Cyclone Storm,Cyclone Racing,35
1025,Sofia Rivera,Viper SRT,Viper Racing,30
1026,William Thomas,Falcon XE,Falcon Racing,28
1027,Mia Collins,Supernova GT,Supernova Racing,29
1028,Lucas Jackson,Redline Racer,Redline Motors,31
1029,Oliver Perez,Jetstream V8,Jetstream Racing,27
1030,Harper Ward,Dragonfire X,Dragonfire Racing,33
